name,type,county_borough,state_abbr,state_full,lat,lon,search_query,total_score,longevity_index,happiness_index,status_signal,overall_confidence,indices_version_longevity,indices_version_status_signal,indices_version_happiness,pillar_quality_education_score,pillar_quality_education_status,pillar_neighborhood_amenities_score,pillar_neighborhood_amenities_status,pillar_economic_security_score,pillar_economic_security_status,pillar_climate_risk_score,pillar_climate_risk_status,pillar_active_outdoors_score,pillar_active_outdoors_status,pillar_natural_beauty_score,pillar_natural_beauty_status,pillar_diversity_score,pillar_diversity_status,pillar_social_fabric_score,pillar_social_fabric_status,pillar_built_beauty_score,pillar_built_beauty_status,pillar_healthcare_access_score,pillar_healthcare_access_status,pillar_public_transit_access_score,pillar_public_transit_access_status,pillar_air_travel_access_score,pillar_air_travel_access_status,pillar_housing_value_score,pillar_housing_value_status,longevity_contrib_social_fabric,longevity_contrib_neighborhood_amenities,longevity_contrib_active_outdoors,longevity_contrib_natural_beauty,longevity_contrib_climate_risk,longevity_contrib_quality_education
Ardsley,suburb,Westchester,NY,New York,41.0082,-73.8399,"Ardsley, NY",70.21,65.24,66.7,61.6,,2,3,3,0.0,fallback,55.0,success,74.9,success,82.7,success,98.0,success,83.50146666666667,success,74.3,success,51.3,success,48.4,success,60.6,success,35.0,success,100.0,success,78.8,success,20.94,14.03,15.0,8.52,6.75,
Astoria,neighborhood,Queens,NY,New York,40.7721,-73.9302,"Astoria, Queens, New York",65.97,54.7,40.6,42.4,,2,3,3,0.0,fallback,86.3,success,69.0,success,75.0,success,31.7,success,60.005333333333326,success,73.2,success,38.2,success,45.90617664959161,success,100.0,success,88.5,success,100.0,success,23.8,success,15.59,22.02,4.85,6.12,6.12,
Battery Park City,neighborhood,Manhattan,NY,New York,40.7108,-74.0155,"Battery Park City, Manhattan, New York",75.7,64.56,65.3,67.6,,2,3,3,0.0,fallback,90.0,success,71.5,success,87.5,success,35.0,success,100.0,success,60.7,success,46.3,success,80.7814418215458,success,95.8,success,96.8,success,100.0,success,44.0,success,18.9,22.96,5.36,10.2,7.14,
Bay Ridge,neighborhood,Brooklyn,NY,New York,40.635,-74.0241,"Bay Ridge, Brooklyn, New York",71.35,68.01,43.6,30.6,,2,3,3,0.0,fallback,96.0,success,71.5,success,62.5,success,44.8,success,62.4992,success,81.4,success,61.7,success,88.30000000000001,success,73.3,success,84.0,success,100.0,success,30.2,success,25.18,24.49,6.86,6.38,5.1,
Bayside,neighborhood,Queens,NY,New York,40.7632,-73.773,"Bayside, Queens, New York",68.13,61.29,47.9,39.4,,2,3,3,0.0,fallback,76.1,success,71.5,success,65.5,success,50.0,success,62.14506666666666,success,75.9,success,55.2,success,84.2,success,73.5,success,61.5,success,100.0,success,42.0,success,22.53,19.41,7.65,6.34,5.35,
Bed-Stuy,neighborhood,Brooklyn,NY,New York,40.6872,-73.9418,"Bedford-Stuyvesant, Brooklyn, New York",73.82,68.79,42.9,52.5,,2,3,3,0.0,fallback,96.0,success,69.0,success,87.5,success,49.0,success,47.8592,success,78.5,success,60.7,success,76.6,success,100.0,success,93.0,success,100.0,success,27.7,success,24.78,24.49,7.5,4.88,7.14,
Bedford,suburb,Westchester,NY,New York,41.2021,-73.6513,"Bedford, NY",63.07,62.24,75.1,63.2,,2,3,3,0.0,fallback,41.5,success,55.8,success,72.8,success,62.9,success,100.0,success,62.1,success,63.4,success,71.4,success,70.0,success,0.0,success,82.3,success,74.7,success,25.88,10.59,9.63,10.2,5.94,
Bellmore,suburb,Nassau,NY,New York,40.6668,-73.5285,"Bellmore, NY",57.37,36.14,38.2,43.3,,2,3,3,0.0,fallback,51.5,success,79.4,success,66.2,success,100.0,success,22.488533333333333,success,0.0,failed,0.0,failed,58.5,success,75.4,success,59.9,success,100.0,success,75.0,success,0.0,13.14,15.31,2.29,5.4,
Belmont,neighborhood,Bronx,NY,New York,40.8556,-73.8898,"Belmont, Bronx, New York",72.73,62.75,36.0,17.0,,2,3,3,0.0,fallback,86.1,success,71.5,success,71.2,success,84.3,success,50.31679999999999,success,76.2,success,41.5,success,71.31492558515313,success,100.0,success,88.9,success,100.0,success,31.4,success,16.94,21.96,12.9,5.13,5.81,
Bensonhurst,neighborhood,Brooklyn,NY,New York,40.602,-73.9985,"Bensonhurst, Brooklyn, New York",67.34,57.85,35.8,29.1,,2,3,3,0.0,fallback,86.7,success,71.5,success,62.5,success,45.2,success,55.967999999999996,success,82.9,success,44.1,success,61.4,success,100.0,success,66.0,success,100.0,success,31.8,success,18.0,22.12,6.92,5.71,5.1,
Bloomfield,suburb,Essex,NJ,New Jersey,40.8068,-74.1874,"Bloomfield, NJ",72.82,60.62,52.3,29.0,,2,3,3,0.0,fallback,82.1,success,74.9,success,81.4,success,93.1,success,28.892799999999998,success,77.9,success,38.8,success,67.2,success,100.0,success,85.5,success,100.0,success,44.1,success,15.84,20.94,14.25,2.95,6.64,
Boerum Hill,neighborhood,Brooklyn,NY,New York,40.6862,-73.9878,"Boerum Hill, Brooklyn, New York",70.56,68.89,46.5,78.0,,2,3,3,0.0,fallback,93.4,success,71.5,success,71.5,success,68.5,success,62.10453333333333,success,63.6,success,54.9,success,40.2,success,100.0,success,94.7,success,100.0,success,26.3,success,22.41,23.83,10.48,6.34,5.84,
Borough Park,neighborhood,Brooklyn,NY,New York,40.6251,-73.9986,"Borough Park, Brooklyn, New York",66.88,61.78,47.8,36.8,,2,3,3,0.0,fallback,79.3,success,71.5,success,62.5,success,47.4,success,46.865066666666664,success,73.5,success,59.8,success,70.4,success,67.7,success,90.4,success,100.0,success,33.2,success,24.41,20.23,7.26,4.78,5.1,
Brighton Beach,neighborhood,Brooklyn,NY,New York,40.5774,-73.9613,"Brighton Beach, Brooklyn, New York",68.23,55.08,57.7,43.9,,2,3,3,0.0,fallback,25.0,success,71.5,success,62.5,success,45.1,success,100.0,success,85.8,success,64.9,success,69.4,success,100.0,success,69.7,success,100.0,success,24.9,success,26.49,6.38,6.9,10.2,5.1,
Bronxville,suburb,Westchester,NY,New York,40.9387,-73.8327,"Bronxville, NY",76.72,69.59,52.6,54.1,,2,3,3,0.0,fallback,98.0,success,79.4,success,87.5,success,93.8,success,58.6832,success,71.5,success,41.9,success,73.5,success,100.0,success,69.9,success,100.0,success,46.4,success,17.1,25.0,14.36,5.99,7.14,
Brooklyn Heights,neighborhood,Brooklyn,NY,New York,40.696,-73.9938,"Brooklyn Heights, Brooklyn, New York",71.52,65.29,57.6,60.3,,2,3,3,0.0,fallback,91.0,success,71.5,success,72.2,success,63.8,success,68.90253333333334,success,70.9,success,47.5,success,76.45202521357547,success,76.1,success,96.8,success,100.0,success,23.1,success,19.39,23.21,9.77,7.03,5.89,
Bushwick,neighborhood,Brooklyn,NY,New York,40.6942,-73.9211,"Bushwick, Brooklyn, New York",71.98,64.59,48.0,47.8,,2,3,3,0.0,fallback,90.0,success,71.5,success,87.2,success,24.9,success,46.9184,success,88.9,success,63.5,success,78.8,success,94.1,success,88.4,success,100.0,success,29.6,success,25.92,22.96,3.81,4.79,7.12,
Canarsie,neighborhood,Brooklyn,NY,New York,40.6388,-73.9016,"Canarsie, Brooklyn, New York",61.68,52.45,40.5,19.6,,2,3,3,0.0,fallback,59.0,success,71.5,success,71.5,success,11.9,success,59.474133333333334,success,80.7,success,58.0,success,54.4,success,68.4,success,68.1,success,100.0,success,37.2,success,23.67,15.05,1.82,6.07,5.84,
Carnegie Hill,neighborhood,Manhattan,NY,New York,40.7839,-73.954,"Carnegie Hill, Manhattan, New York",68.96,64.94,61.1,86.6,,2,3,3,0.0,fallback,91.0,success,71.5,success,70.8,success,21.5,success,61.97653333333333,success,63.0,success,64.5,success,48.18885497498338,success,100.0,success,96.6,success,100.0,success,38.5,success,26.33,23.21,3.29,6.32,5.78,
Carroll Gardens,neighborhood,Brooklyn,NY,New York,40.68,-73.9997,"Carroll Gardens, Brooklyn, New York",72.44,73.44,47.0,78.0,,2,3,3,0.0,fallback,96.0,success,71.5,success,63.6,success,89.2,success,70.2256,success,62.6,success,56.2,success,39.8,success,100.0,success,94.1,success,100.0,success,26.1,success,22.94,24.49,13.65,7.17,5.19,
Cedarhurst,suburb,Nassau,NY,New York,40.624,-73.7268,"Cedarhurst, NY",68.21,72.41,53.5,40.1,,2,3,3,0.0,fallback,98.0,success,71.5,success,62.5,success,90.0,success,31.573333333333334,success,73.7,success,62.0,success,59.4,success,66.7,success,60.0,success,100.0,success,43.2,success,25.31,25.0,13.78,3.22,5.1,
Chappaqua,suburb,Westchester,NY,New York,41.1607,-73.766,"Chappaqua, NY",76.1,78.56,69.3,64.3,,2,3,3,0.0,fallback,65.6,success,74.9,success,80.7,success,87.3,success,83.96466666666667,success,63.9,success,81.6,success,79.6,success,68.3,success,59.5,success,94.2,success,73.6,success,33.31,16.73,13.36,8.57,6.59,
Chatham,suburb,Morris,NJ,New Jersey,40.7418,-74.3849,"Chatham, NJ",68.63,62.07,59.7,59.4,,2,3,3,0.0,fallback,74.2,success,74.9,success,62.5,success,80.0,success,76.75120000000001,success,62.7,success,44.0,success,57.5,success,57.6,success,60.0,success,100.0,success,73.4,success,17.96,18.93,12.24,7.83,5.1,
Chelsea,neighborhood,Manhattan,NY,New York,40.7465,-74.0014,"Chelsea, Manhattan, New York",75.15,69.17,63.3,67.6,,2,3,3,0.0,fallback,96.0,success,71.5,success,79.3,success,39.4,success,60.894933333333334,success,77.3,success,63.6,success,91.95278284968174,success,99.8,success,96.9,success,100.0,success,25.2,success,25.96,24.49,6.03,6.21,6.47,
Chinatown,neighborhood,Manhattan,NY,New York,40.7158,-73.997,"Chinatown, Manhattan, New York",75.11,73.53,71.3,43.6,,2,3,3,0.0,fallback,96.0,success,71.5,success,65.3,success,47.6,success,95.77879999999999,success,69.5,success,65.3,success,93.68282774949819,success,74.8,success,97.2,success,100.0,success,24.7,success,26.65,24.49,7.29,9.77,5.33,
City Island,neighborhood,Bronx,NY,New York,40.8476,-73.7879,"City Island, Bronx, New York",70.3,65.24,60.9,32.5,,2,3,3,0.0,fallback,76.0,success,74.9,success,62.5,success,50.8,success,100.0,success,74.0,success,55.8,success,85.8,success,90.3,success,26.0,success,100.0,success,47.5,success,22.78,19.39,7.78,10.2,5.1,
Clinton Hill,neighborhood,Brooklyn,NY,New York,40.689,-73.964,"Clinton Hill, Brooklyn, New York",74.83,71.11,46.1,62.5,,2,3,3,0.0,fallback,96.0,success,71.5,success,84.2,success,48.7,success,55.25973333333333,success,75.2,success,65.3,success,77.44392338095858,success,100.0,success,94.5,success,100.0,success,29.9,success,26.65,24.49,7.45,5.64,6.87,
Closter,suburb,Bergen,NJ,New Jersey,40.9754,-73.9596,"Closter, NJ",65.36,70.09,71.1,38.1,,2,3,3,0.0,fallback,71.8,success,74.9,success,62.5,success,86.6,success,78.67080000000001,success,74.8,success,62.2,success,50.0,success,23.9,success,29.0,success,100.0,success,70.0,success,25.39,18.32,13.26,8.03,5.1,
Cobble Hill,neighborhood,Brooklyn,NY,New York,40.6864,-73.9952,"Cobble Hill, Brooklyn, New York",70.64,64.64,58.1,62.4,,2,3,3,0.0,fallback,96.0,success,71.5,success,62.5,success,36.0,success,70.25599999999999,success,67.7,success,54.8,success,63.4,success,100.0,success,96.5,success,100.0,success,29.0,success,22.37,24.49,5.51,7.17,5.1,
Coney Island,neighborhood,Brooklyn,NY,New York,40.5755,-73.9707,"Coney Island, Brooklyn, New York",71.04,62.79,44.2,30.3,,2,3,3,0.0,fallback,70.8,success,71.5,success,62.5,success,42.1,success,100.0,success,89.7,success,56.3,success,40.0,success,90.7,success,90.9,success,100.0,success,38.0,success,22.98,18.06,6.44,10.2,5.1,
Cos Cob,suburb,Fairfield,CT,Connecticut,41.0507,-73.6007,"Cos Cob, CT",60.34,45.3,61.6,56.2,,2,3,3,0.0,fallback,32.0,success,46.2,success,87.5,success,60.5,success,75.96773333333333,success,73.2,success,31.8,success,80.6,success,56.9,success,29.0,success,100.0,success,50.4,success,12.98,8.16,9.26,7.75,7.14,
Cranford,suburb,Union,NJ,New Jersey,40.6579,-74.2996,"Cranford, NJ",73.33,77.04,59.6,39.4,,2,3,3,0.0,fallback,100.0,success,74.9,success,79.7,success,98.0,success,29.068266666666666,success,71.0,success,66.3,success,54.6,success,93.8,success,63.4,success,100.0,success,49.2,success,27.06,25.51,15.0,2.97,6.51,
Cresskill,suburb,Bergen,NJ,New Jersey,40.9418,-73.9568,"Cresskill, NJ",69.77,68.12,66.7,42.0,,2,3,3,0.0,fallback,69.4,success,74.9,success,67.5,success,84.2,success,64.13093333333333,success,71.6,success,62.4,success,50.2,success,99.7,success,29.0,success,100.0,success,64.2,success,25.47,17.7,12.89,6.54,5.51,
Croton-on-Hudson,suburb,Westchester,NY,New York,41.2115,-73.8918,"Croton-on-Hudson, NY",68.44,70.58,69.9,42.6,,2,3,3,0.0,fallback,60.7,success,55.8,success,62.5,success,65.0,success,100.0,success,69.7,success,73.1,success,43.6,success,85.4,success,60.1,success,85.8,success,59.6,success,29.84,15.48,9.95,10.2,5.1,
Crown Heights,neighborhood,Brooklyn,NY,New York,40.6694,-73.9425,"Crown Heights, Brooklyn, New York",72.32,62.93,45.5,55.8,,2,3,3,0.0,fallback,89.0,success,71.5,success,87.5,success,50.7,success,49.39306666666666,success,77.2,success,49.7,success,62.4,success,100.0,success,91.3,success,100.0,success,39.1,success,20.29,22.7,7.76,5.04,7.14,
DUMBO,neighborhood,Brooklyn,NY,New York,40.7033,-73.9881,"DUMBO, Brooklyn, New York",69.73,63.28,54.8,82.8,,2,3,3,0.0,fallback,98.0,success,71.5,success,80.6,success,35.5,success,70.58386666666667,success,54.1,success,46.7,success,66.2,success,96.9,success,96.5,success,100.0,success,20.2,success,19.06,25.0,5.43,7.2,6.58,
Darien,suburb,Fairfield,CT,Connecticut,41.0726,-73.4682,"Darien, CT",64.48,57.67,58.8,67.4,,2,3,3,0.0,fallback,79.8,success,54.6,success,62.5,success,68.0,success,77.3148,success,61.7,success,34.1,success,55.2,success,63.1,success,63.4,success,90.4,success,63.7,success,13.92,20.36,10.41,7.89,5.1,
Demarest,suburb,Bergen,NJ,New Jersey,40.9568,-73.9635,"Demarest, NJ",67.72,64.63,71.9,54.1,,2,3,3,0.0,fallback,29.7,success,74.9,success,77.6,success,58.0,success,80.84853333333334,success,67.2,success,82.3,success,43.8,success,99.2,success,35.0,success,100.0,success,64.1,success,33.59,7.58,8.88,8.25,6.33,
Ditmas Park,neighborhood,Brooklyn,NY,New York,40.6399,-73.9655,"Ditmas Park, Brooklyn, New York",72.22,66.34,38.3,47.4,,2,3,3,0.0,fallback,96.0,success,71.5,success,87.5,success,50.2,success,48.8512,success,81.4,success,54.0,success,72.8,success,92.7,success,83.6,success,100.0,success,28.1,success,22.04,24.49,7.68,4.98,7.14,
Dobbs Ferry,suburb,Westchester,NY,New York,41.0104,-73.8774,"Dobbs Ferry, NY",73.22,61.19,59.7,42.4,,2,3,3,0.0,fallback,64.2,success,74.9,success,62.5,success,80.0,success,100.0,success,74.4,success,42.3,success,68.4,success,100.0,success,65.3,success,100.0,success,46.6,success,17.27,16.38,12.24,10.2,5.1,
East Harlem,neighborhood,Manhattan,NY,New York,40.7957,-73.9389,"East Harlem, Manhattan, New York",74.56,63.69,60.1,17.1,,2,3,3,0.0,fallback,96.0,success,71.5,success,63.7,success,20.6,success,60.681599999999996,success,82.7,success,60.4,success,92.02762328777413,success,100.0,success,93.1,success,100.0,success,54.0,success,24.65,24.49,3.15,6.19,5.2,
East New York,neighborhood,Brooklyn,NY,New York,40.6653,-73.8836,"East New York, Brooklyn, New York",65.68,54.19,48.3,18.4,,2,3,3,0.0,fallback,41.7,success,71.5,success,72.5,success,57.7,success,50.22079999999999,success,77.9,success,58.0,success,39.8,success,100.0,success,92.7,success,100.0,success,26.1,success,23.67,10.64,8.83,5.12,5.92,
East Village,neighborhood,Manhattan,NY,New York,40.7265,-73.9815,"East Village, Manhattan, New York",70.51,62.8,65.3,69.4,,2,3,3,0.0,fallback,96.0,success,71.5,success,70.8,success,39.6,success,62.99626666666666,success,59.2,success,49.1,success,70.0,success,100.0,success,97.8,success,100.0,success,29.1,success,20.04,24.49,6.06,6.43,5.78,
Eastchester,suburb,Westchester,NY,New York,40.9582,-73.8121,"Eastchester, NY",64.19,54.94,36.6,24.6,,2,3,3,0.0,fallback,58.1,success,71.5,success,62.5,success,88.1,success,51.0464,success,70.3,success,40.0,success,53.0,success,76.6,success,61.1,success,100.0,success,38.0,success,16.33,14.82,13.48,5.21,5.1,
Edgewater,suburb,Bergen,NJ,New Jersey,40.8232,-73.9724,"Edgewater, NJ",64.52,54.38,37.7,53.8,,2,3,3,0.0,fallback,53.5,success,71.5,success,86.2,success,78.0,success,42.791866666666664,success,80.1,success,42.6,success,51.6,success,96.1,success,24.0,success,100.0,success,47.9,success,17.39,13.65,11.94,4.37,7.04,
Elmhurst,neighborhood,Queens,NY,New York,40.7368,-73.8795,"Elmhurst, Queens, New York",72.34,64.84,42.3,27.3,,2,3,3,0.0,fallback,87.2,success,71.5,success,87.5,success,39.6,success,46.845866666666666,success,77.2,success,60.3,success,77.46604153702877,success,100.0,success,90.1,success,100.0,success,30.4,success,24.61,22.24,6.06,4.78,7.14,
Englewood,suburb,Bergen,NJ,New Jersey,40.8926,-73.9724,"Englewood, NJ",64.35,57.87,62.3,23.2,,2,3,3,0.0,fallback,54.5,success,74.9,success,65.0,success,80.0,success,38.103733333333324,success,83.2,success,55.2,success,44.0,success,92.8,success,39.5,success,100.0,success,45.0,success,22.53,13.9,12.24,3.89,5.31,
Fairfield,suburb,Fairfield,CT,Connecticut,41.1418,-73.2632,"Fairfield, CT",65.08,64.24,58.5,58.2,,2,3,3,0.0,fallback,91.0,success,46.2,success,62.5,success,90.0,success,36.678399999999996,success,60.6,success,45.1,success,63.699999999999996,success,86.2,success,73.3,success,66.4,success,59.3,success,18.41,23.21,13.78,3.74,5.1,
Fieldston,neighborhood,Bronx,NY,New York,40.8945,-73.9063,"Fieldston, Bronx, New York",74.7,65.15,51.7,30.8,,2,3,3,0.0,fallback,61.0,success,71.5,success,85.0,success,78.0,success,92.5424,success,78.9,success,52.1,success,57.6,success,74.6,success,80.2,success,100.0,success,65.0,success,21.27,15.56,11.94,9.44,6.94,
Financial District,neighborhood,Manhattan,NY,New York,40.7074,-74.0113,"Financial District, Manhattan, New York",74.83,67.67,64.5,61.2,,2,3,3,0.0,fallback,98.0,success,71.5,success,78.7,success,48.0,success,100.0,success,56.7,success,45.8,success,81.98428417978802,success,100.0,success,97.2,success,100.0,success,20.1,success,18.69,25.0,7.35,10.2,6.42,
Flatbush,neighborhood,Brooklyn,NY,New York,40.6501,-73.9496,"Flatbush, Brooklyn, New York",73.13,72.8,41.4,22.5,,2,3,3,0.0,fallback,95.4,success,71.5,success,87.5,success,65.0,success,49.8112,success,80.0,success,64.4,success,53.2,success,100.0,success,79.9,success,100.0,success,30.8,success,26.29,24.34,9.95,5.08,7.14,
Flatiron,neighborhood,Manhattan,NY,New York,40.741,-73.9896,"Flatiron District, Manhattan, New York",74.09,65.84,59.8,78.0,,2,3,3,0.0,fallback,96.0,success,71.5,success,76.8,success,38.5,success,69.68706666666665,success,72.6,success,54.1,success,94.33686524657699,success,100.0,success,96.8,success,100.0,success,18.8,success,22.08,24.49,5.89,7.11,6.27,
Flatlands,neighborhood,Brooklyn,NY,New York,40.6228,-73.9327,"Flatlands, Brooklyn, New York",64.56,53.23,38.0,23.4,,2,3,3,0.0,fallback,45.5,success,71.5,success,74.5,success,49.4,success,49.79626666666666,success,80.6,success,56.1,success,85.6,success,99.6,success,30.0,success,100.0,success,32.1,success,22.9,11.61,7.56,5.08,6.08,
Floral Park,suburb,Nassau,NY,New York,40.7221,-73.7021,"Floral Park, NY",71.08,61.87,47.4,48.8,,2,3,3,0.0,fallback,61.3,success,71.5,success,85.5,success,63.0,success,22.590933333333332,success,63.4,success,66.9,success,62.6,success,100.0,success,87.0,success,100.0,success,69.2,success,27.31,15.64,9.64,2.31,6.98,
Flushing,neighborhood,Queens,NY,New York,40.7675,-73.833,"Flushing, Queens, New York",67.3,60.24,53.3,37.3,,2,3,3,0.0,fallback,73.4,success,71.5,success,74.8,success,50.5,success,50.04373333333333,success,79.3,success,55.3,success,68.31492558515313,success,77.4,success,74.4,success,100.0,success,32.7,success,22.57,18.72,7.73,5.11,6.11,
Fordham,neighborhood,Bronx,NY,New York,40.8614,-73.8992,"Fordham, Bronx, New York",69.57,57.96,52.7,14.8,,2,3,3,0.0,fallback,80.9,success,71.5,success,65.5,success,59.6,success,51.532799999999995,success,66.3,success,43.1,success,58.6,success,94.0,success,89.8,success,100.0,success,54.0,success,17.59,20.64,9.12,5.26,5.35,
Forest Hills,neighborhood,Queens,NY,New York,40.7185,-73.8448,"Forest Hills, Queens, New York",79.04,74.85,48.1,44.8,,2,3,3,0.0,fallback,96.0,success,71.5,success,87.5,success,96.0,success,48.77653333333333,success,81.1,success,57.7,success,72.71935780740007,success,100.0,success,90.2,success,100.0,success,47.0,success,23.55,24.49,14.69,4.98,7.14,
Fort Greene,neighborhood,Brooklyn,NY,New York,40.69,-73.9747,"Fort Greene, Brooklyn, New York",73.2,77.83,64.3,,,2,3,3,0.0,fallback,97.0,success,71.5,success,78.2,success,90.8,success,62.6464,success,0.0,success,64.7,success,65.2,success,85.3,success,98.0,success,100.0,success,65.0,success,26.41,24.74,13.9,6.39,6.38,
Fort Lee,suburb,Bergen,NJ,New Jersey,40.8507,-73.9707,"Fort Lee, NJ",72.28,69.45,51.9,40.4,,2,3,3,0.0,fallback,98.0,success,74.9,success,62.5,success,90.8,success,43.78413333333334,success,75.7,success,51.4,success,62.6,success,100.0,success,71.8,success,100.0,success,35.9,success,20.98,25.0,13.9,4.47,5.1,
Freeport,suburb,Nassau,NY,New York,40.6576,-73.5835,"Freeport, NY",70.16,72.98,64.3,14.2,,2,3,3,0.0,fallback,73.0,success,74.9,success,62.5,success,90.8,success,19.735466666666667,success,89.4,success,81.7,success,48.8,success,87.4,success,63.7,success,100.0,success,50.0,success,33.35,18.62,13.9,2.01,5.1,
Garden City,suburb,Nassau,NY,New York,40.7268,-73.6335,"Garden City, NY",69.1,58.7,60.7,61.2,,2,3,3,0.0,fallback,54.3,success,74.9,success,87.5,success,61.7,success,16.1312,success,59.0,success,65.2,success,46.2,success,100.0,success,96.8,success,100.0,success,67.5,success,26.61,13.85,9.44,1.65,7.14,
Glen Ridge,suburb,Essex,NJ,New Jersey,40.8057,-74.2035,"Glen Ridge, NJ",72.48,59.48,60.2,58.4,,2,3,3,0.0,fallback,71.0,success,74.9,success,87.5,success,62.8,success,39.17409333333333,success,65.6,success,50.5,success,57.0,success,89.2,success,82.1,success,100.0,success,90.0,success,20.61,18.11,9.61,4.0,7.14,
Glen Rock,suburb,Bergen,NJ,New Jersey,40.9607,-74.1307,"Glen Rock, NJ",75.03,64.26,57.7,55.0,,2,3,3,0.0,fallback,80.8,success,74.9,success,87.5,success,80.0,success,71.37133333333333,success,65.2,success,41.6,success,42.2,success,100.0,success,81.9,success,100.0,success,74.9,success,16.98,20.61,12.24,7.28,7.14,
Glendale,neighborhood,Queens,NY,New York,40.7016,-73.8752,"Glendale, Queens, New York",67.55,62.02,40.8,26.1,,2,3,3,0.0,fallback,81.6,success,71.5,success,87.5,success,45.6,success,46.97173333333333,success,76.3,success,54.6,success,64.6,success,63.3,success,81.1,success,100.0,success,37.5,success,22.29,20.82,6.98,4.79,7.14,
Gowanus,neighborhood,Brooklyn,NY,New York,40.6739,-73.9896,"Gowanus, Brooklyn, New York",74.19,76.88,54.7,74.0,,2,3,3,0.0,fallback,95.5,success,71.5,success,66.6,success,68.4,success,61.97013333333333,success,75.3,success,74.2,success,80.2,success,74.8,success,95.3,success,100.0,success,26.5,success,30.29,24.36,10.47,6.32,5.44,
Gramercy Park,neighborhood,Manhattan,NY,New York,40.7376,-73.984,"Gramercy Park, Manhattan, New York",73.85,68.55,65.4,64.0,,2,3,3,0.0,fallback,96.0,success,71.5,success,77.8,success,39.2,success,62.736000000000004,success,65.5,success,62.0,success,75.2,success,100.0,success,97.1,success,100.0,success,39.2,success,25.31,24.49,6.0,6.4,6.35,
Great Kills,neighborhood,Staten Island,NY,New York,40.5513,-74.1513,"Great Kills, Staten Island, New York",70.24,64.74,43.2,30.8,,2,3,3,0.0,fallback,83.3,success,71.5,success,62.5,success,60.8,success,59.848533333333336,success,65.2,success,56.3,success,68.67737365232516,success,99.8,success,60.7,success,100.0,success,54.3,success,22.98,21.25,9.31,6.11,5.1,
Great Neck,suburb,Nassau,NY,New York,40.8001,-73.7329,"Great Neck, NY",74.59,73.77,65.3,48.3,,2,3,3,0.0,fallback,63.3,success,74.9,success,62.5,success,96.4,success,68.10066666666665,success,73.9,success,75.5,success,64.6,success,99.9,success,62.9,success,100.0,success,53.1,success,30.82,16.15,14.76,6.95,5.1,
Greenpoint,neighborhood,Brooklyn,NY,New York,40.7242,-73.9497,"Greenpoint, Brooklyn, New York",70.73,68.11,51.0,64.1,,2,3,3,0.0,fallback,91.0,success,71.5,success,81.8,success,64.1,success,60.80533333333333,success,70.2,success,54.4,success,47.96113406346656,success,87.3,success,93.5,success,100.0,success,26.2,success,22.2,23.21,9.81,6.2,6.68,
Greenwich Village,neighborhood,Manhattan,NY,New York,40.7308,-74.0005,"Greenwich Village, Manhattan, New York",71.47,68.15,60.2,69.1,,2,3,3,0.0,fallback,96.0,success,71.5,success,72.2,success,39.3,success,69.54186666666666,success,61.2,success,60.4,success,69.4,success,100.0,success,96.7,success,100.0,success,21.4,success,24.65,24.49,6.02,7.1,5.89,
Greenwich,suburb,Fairfield,CT,Connecticut,41.0262,-73.6282,"Greenwich, CT",68.09,55.06,49.2,44.4,,2,3,3,0.0,fallback,74.4,success,46.2,success,62.5,success,90.8,success,49.003859999999996,success,75.2,success,29.6,success,96.6,success,71.1,success,91.7,success,100.0,success,30.0,success,12.08,18.98,13.9,5.0,5.1,
Hamilton Heights,neighborhood,Manhattan,NY,New York,40.8231,-73.9495,"Hamilton Heights, Manhattan, New York",74.4,64.27,52.8,37.7,,2,3,3,0.0,fallback,88.9,success,71.5,success,87.0,success,22.4,success,69.21013333333333,success,80.5,success,58.8,success,83.88782925659332,success,100.0,success,93.1,success,100.0,success,37.5,success,24.0,22.68,3.43,7.06,7.1,
Harlem,neighborhood,Manhattan,NY,New York,40.8116,-73.9465,"Harlem, Manhattan, New York",74.39,72.78,54.8,60.0,,2,3,3,0.0,fallback,96.0,success,71.5,success,70.8,success,51.2,success,67.38653333333333,success,80.7,success,68.1,success,72.71699905371426,success,100.0,success,92.7,success,100.0,success,21.6,success,27.8,24.49,7.84,6.88,5.78,
Harrison,suburb,Westchester,NY,New York,40.9759,-73.7129,"Harrison, NY",65.26,53.05,62.3,21.5,,2,3,3,0.0,fallback,51.6,success,74.9,success,62.5,success,60.6,success,44.77378266666667,success,70.9,success,51.3,success,41.4,success,82.7,success,83.0,success,100.0,success,59.4,success,20.94,13.16,9.28,4.57,5.1,
Hastings-on-Hudson,suburb,Westchester,NY,New York,40.9943,-73.8782,"Hastings-on-Hudson, NY",75.16,73.57,64.8,47.1,,2,3,3,0.0,fallback,73.5,success,74.9,success,76.1,success,100.0,success,100.0,success,69.5,success,56.6,success,55.6,success,90.0,success,63.2,success,100.0,success,42.5,success,23.1,18.75,15.31,10.2,6.21,
Hell's Kitchen,neighborhood,Manhattan,NY,New York,40.7638,-73.9918,"Hell's Kitchen, Manhattan, New York",74.0,64.11,57.7,67.4,,2,3,3,0.0,fallback,91.0,success,71.5,success,73.5,success,40.1,success,68.6112,success,73.1,success,53.3,success,93.98014329450007,success,100.0,success,98.3,success,100.0,success,24.6,success,21.76,23.21,6.14,7.0,6.0,
Hempstead,suburb,Nassau,NY,New York,40.7062,-73.6188,"Hempstead, NY",67.72,54.98,57.9,26.0,,2,3,3,0.0,fallback,42.4,success,74.9,success,87.5,success,68.5,success,16.8736,success,72.5,success,60.8,success,77.6,success,99.6,success,32.0,success,100.0,success,80.0,success,24.82,10.82,10.48,1.72,7.14,
Hewlett,suburb,Nassau,NY,New York,40.6443,-73.696,"Hewlett, NY",73.18,70.47,60.4,34.2,,2,3,3,0.0,fallback,83.6,success,74.9,success,80.5,success,90.8,success,25.786666666666665,success,75.0,success,63.8,success,61.199999999999996,success,89.4,success,63.2,success,100.0,success,70.0,success,26.04,21.33,13.9,2.63,6.57,
Hoboken,suburb,Hudson,NJ,New Jersey,40.744,-74.0324,"Hoboken, NJ",66.95,54.1,36.5,61.1,,2,3,3,0.0,fallback,96.0,success,71.5,success,71.1,success,54.6,success,29.769599999999997,success,61.6,success,30.4,success,73.49644467931687,success,85.1,success,95.1,success,100.0,success,34.7,success,12.41,24.49,8.36,3.04,5.8,
Howard Beach,neighborhood,Queens,NY,New York,40.6573,-73.8479,"Howard Beach, Queens, New York",64.74,52.74,55.1,,,2,3,3,0.0,fallback,44.9,success,74.9,success,72.5,success,73.6,success,84.60386666666666,success,0.0,success,37.9,success,40.0,success,100.0,success,83.5,success,100.0,success,65.0,success,15.47,11.45,11.27,8.63,5.92,
Hunts Point,neighborhood,Bronx,NY,New York,40.8166,-73.8919,"Hunts Point, Bronx, New York",64.72,45.38,43.6,16.1,,2,3,3,0.0,fallback,27.9,success,71.5,success,62.5,success,40.2,success,58.24426666666667,success,85.6,success,51.6,success,76.2,success,100.0,success,68.7,success,100.0,success,34.2,success,21.06,7.12,6.15,5.94,5.1,
Inwood,neighborhood,Manhattan,NY,New York,40.8671,-73.9212,"Inwood, Manhattan, New York",75.54,72.05,44.2,27.0,,2,3,3,0.0,fallback,83.4,success,71.5,success,64.3,success,90.0,success,69.99213333333333,success,82.4,success,60.3,success,85.9,success,70.0,success,91.0,success,100.0,success,37.7,success,24.61,21.28,13.78,7.14,5.25,
Irvington,suburb,Westchester,NY,New York,41.0393,-73.8682,"Irvington, NY",75.96,75.01,69.3,57.5,,2,3,3,0.0,fallback,59.2,success,74.9,success,74.8,success,98.0,success,88.66186666666665,success,68.8,success,72.9,success,61.6,success,86.9,success,62.9,success,100.0,success,62.8,success,29.76,15.1,15.0,9.05,6.11,
Jackson Heights,neighborhood,Queens,NY,New York,40.7557,-73.8831,"Jackson Heights, Queens, New York",71.99,64.36,40.0,43.1,,2,3,3,0.0,fallback,90.0,success,71.5,success,80.5,success,36.3,success,50.48533333333333,success,87.0,success,59.1,success,73.85910188891958,success,94.9,success,89.7,success,100.0,success,30.5,success,24.12,22.96,5.56,5.15,6.57,
Jamaica,neighborhood,Queens,NY,New York,40.6943,-73.8072,"Jamaica, Queens, New York",76.33,70.41,42.1,49.9,,2,3,3,0.0,fallback,91.0,success,71.5,success,87.5,success,86.2,success,46.80533333333334,success,85.0,success,54.1,success,71.0,success,100.0,success,92.3,success,100.0,success,30.6,success,22.08,23.21,13.19,4.78,7.14,
Jersey City,suburb,Hudson,NJ,New Jersey,40.7178,-74.0431,"Jersey City, NJ",69.44,61.52,36.7,51.4,,2,3,3,0.0,fallback,96.6,success,71.5,success,62.5,success,48.7,success,30.72426666666667,success,72.8,success,51.9,success,87.91935780740006,success,100.0,success,85.8,success,100.0,success,24.8,success,21.18,24.64,7.45,3.14,5.1,
Katonah,suburb,Westchester,NY,New York,41.2587,-73.6824,"Katonah, NY",66.97,65.28,71.1,53.6,,2,3,3,0.0,fallback,53.1,success,55.8,success,62.5,success,62.0,success,100.0,success,65.4,success,66.0,success,45.8,success,84.8,success,63.2,success,75.6,success,69.5,success,26.94,13.55,9.49,10.2,5.1,
Kensington,neighborhood,Brooklyn,NY,New York,40.6417,-73.9769,"Kensington, Brooklyn, New York",73.11,66.08,52.7,79.0,,2,3,3,0.0,fallback,91.2,success,71.5,success,82.0,success,50.8,success,49.00053333333334,success,72.9,success,57.2,success,68.0,success,95.5,success,88.9,success,100.0,success,50.3,success,23.35,23.27,7.78,5.0,6.69,
Kew Gardens,neighborhood,Queens,NY,New York,40.7148,-73.8309,"Kew Gardens, Queens, New York",78.5,68.68,41.9,33.3,,2,3,3,0.0,fallback,92.5,success,71.5,success,87.5,success,96.0,success,52.59413333333333,success,76.1,success,43.8,success,70.0,success,100.0,success,92.0,success,100.0,success,60.0,success,17.88,23.6,14.69,5.37,7.14,
Kips Bay,neighborhood,Manhattan,NY,New York,40.7428,-73.9772,"Kips Bay, Manhattan, New York",73.79,65.64,57.5,60.2,,2,3,3,0.0,fallback,91.0,success,71.5,success,87.5,success,38.8,success,60.336000000000006,success,71.3,success,56.8,success,77.0,success,100.0,success,96.3,success,100.0,success,35.0,success,23.18,23.21,5.94,6.16,7.14,
Larchmont,suburb,Westchester,NY,New York,40.9279,-73.7527,"Larchmont, NY",73.89,79.13,62.3,69.5,,2,3,3,0.0,fallback,95.5,success,74.9,success,62.5,success,90.8,success,88.92473333333334,success,63.1,success,65.4,success,39.7,success,73.0,success,81.7,success,100.0,success,51.2,success,26.69,24.36,13.9,9.07,5.1,
Lawrence,suburb,Nassau,NY,New York,40.6193,-73.7274,"Lawrence, NY",73.24,80.72,61.2,66.1,,2,3,3,0.0,fallback,90.5,success,74.9,success,62.5,success,90.8,success,33.7664,success,59.3,success,86.2,success,71.2,success,99.9,success,62.7,success,100.0,success,47.1,success,35.18,23.09,13.9,3.45,5.1,
Leonia,suburb,Bergen,NJ,New Jersey,40.8618,-73.9874,"Leonia, NJ",75.65,63.83,63.4,32.3,,2,3,3,0.0,fallback,75.4,success,74.9,success,87.2,success,90.8,success,42.29570666666667,success,82.5,success,47.2,success,81.0,success,100.0,success,71.6,success,100.0,success,54.9,success,19.27,19.23,13.9,4.32,7.12,
Little Italy,neighborhood,Manhattan,NY,New York,40.7191,-73.9973,"Little Italy, Manhattan, New York",77.08,72.49,70.8,43.6,,2,3,3,0.0,fallback,96.0,success,71.5,success,63.4,success,47.6,success,96.66839999999999,success,69.5,success,62.9,success,95.48655391999922,success,100.0,success,97.2,success,100.0,success,24.7,success,25.67,24.49,7.29,9.86,5.18,
Long Beach,suburb,Nassau,NY,New York,40.5882,-73.6579,"Long Beach, NY",72.0,74.38,60.8,27.8,,2,3,3,0.0,fallback,84.9,success,71.5,success,62.5,success,90.7,success,78.2096,success,78.4,success,63.1,success,45.43500619483081,success,70.0,success,59.7,success,100.0,success,59.6,success,25.76,21.66,13.88,7.98,5.1,
Long Island City,neighborhood,Queens,NY,New York,40.7447,-73.9485,"Long Island City, Queens, New York",70.28,58.5,54.7,50.5,,2,3,3,0.0,fallback,96.0,success,71.5,success,71.7,success,16.2,success,59.20533333333333,success,75.9,success,48.1,success,85.0,success,100.0,success,96.5,success,100.0,success,23.2,success,19.63,24.49,2.48,6.04,5.85,
Lower East Side,neighborhood,Manhattan,NY,New York,40.7153,-73.984,"Lower East Side, Manhattan, New York",74.78,76.04,59.1,64.1,,2,3,3,0.0,fallback,91.0,success,71.5,success,75.8,success,56.9,success,69.30573333333334,success,78.8,success,75.6,success,72.3568380625099,success,85.6,success,95.8,success,100.0,success,24.7,success,30.86,23.21,8.71,7.07,6.19,
Lynbrook,suburb,Nassau,NY,New York,40.6557,-73.674,"Lynbrook, NY",70.58,68.64,54.2,29.3,,2,3,3,0.0,fallback,98.0,success,71.5,success,70.1,success,44.5,success,20.053333333333335,success,79.7,success,71.2,success,76.6,success,87.4,success,78.7,success,100.0,success,49.2,success,29.06,25.0,6.81,2.05,5.72,
Madison,suburb,Morris,NJ,New Jersey,40.7596,-74.4174,"Madison, NJ",65.46,56.52,63.8,41.4,,2,3,3,0.0,fallback,100.0,success,74.9,success,62.5,success,15.4,success,51.15105,success,73.3,success,44.9,success,80.4,success,97.4,success,32.0,success,99.1,success,54.5,success,18.33,25.51,2.36,5.22,5.1,
Malverne,suburb,Nassau,NY,New York,40.6768,-73.6724,"Malverne, NY",69.42,61.44,63.3,39.8,,2,3,3,0.0,fallback,76.8,success,74.9,success,87.5,success,38.4,success,26.915199999999995,success,73.4,success,63.9,success,65.0,success,87.7,success,63.5,success,100.0,success,75.0,success,26.08,19.59,5.88,2.75,7.14,
Mamaroneck,suburb,Westchester,NY,New York,40.9479,-73.7291,"Mamaroneck, NY",76.77,78.74,63.2,53.2,,2,3,3,0.0,fallback,97.0,success,74.9,success,62.5,success,100.0,success,60.31666666666666,success,79.1,success,67.2,success,72.69999999999999,success,88.1,success,82.4,success,100.0,success,37.0,success,27.43,24.74,15.31,6.15,5.1,
Manhasset,suburb,Nassau,NY,New York,40.7954,-73.6974,"Manhasset, NY",71.53,63.36,66.2,54.3,,2,3,3,0.0,fallback,61.6,success,74.9,success,87.5,success,60.6,success,79.61813333333333,success,81.8,success,56.6,success,53.5,success,96.6,success,63.9,success,100.0,success,41.8,success,23.1,15.71,9.28,8.12,7.14,
Manhattanville,neighborhood,Manhattan,NY,New York,40.8157,-73.9557,"Manhattanville, Manhattan, New York",74.99,68.92,63.7,17.5,,2,3,3,0.0,fallback,92.9,success,74.9,success,76.5,success,51.7,success,71.17546666666667,success,42.2,success,58.3,success,69.16459436164665,success,100.0,success,98.0,success,100.0,success,65.0,success,23.8,23.7,7.91,7.26,6.24,
Maplewood,suburb,Essex,NJ,New Jersey,40.7312,-74.2724,"Maplewood, NJ",72.02,50.8,58.2,56.6,,2,3,3,0.0,fallback,15.0,success,74.9,success,87.5,success,95.3,success,80.17146666666667,success,68.5,success,41.8,success,63.8,success,96.9,success,81.9,success,100.0,success,58.5,success,17.06,3.83,14.59,8.18,7.14,
Maspeth,neighborhood,Queens,NY,New York,40.7254,-73.91,"Maspeth, Queens, New York",62.86,52.5,33.8,28.7,,2,3,3,0.0,fallback,67.3,success,71.5,success,77.9,success,29.7,success,48.16426666666667,success,72.5,success,47.8,success,64.5,success,58.7,success,85.2,success,100.0,success,31.1,success,19.51,17.17,4.55,4.91,6.36,
Merrick,suburb,Nassau,NY,New York,40.6582,-73.5496,"Merrick, NY",68.07,62.58,66.2,44.6,,2,3,3,0.0,fallback,36.1,success,74.9,success,71.5,success,90.8,success,33.2704,success,56.3,success,74.1,success,55.0,success,84.5,success,60.5,success,100.0,success,79.9,success,30.24,9.21,13.9,3.39,5.84,
Midtown East,neighborhood,Manhattan,NY,New York,40.7549,-73.971,"Midtown East, Manhattan, New York",66.26,52.5,62.8,58.7,,2,3,3,0.0,fallback,15.0,success,79.4,success,80.5,success,22.3,success,59.54666666666667,success,71.3,success,79.9,success,96.59824777470759,success,70.1,success,100.0,success,100.0,success,20.5,success,32.61,3.83,3.41,6.08,6.57,
Midtown,neighborhood,Manhattan,NY,New York,40.7549,-73.984,"Midtown, Manhattan, New York",75.08,74.89,64.9,29.0,,2,3,3,0.0,fallback,97.0,success,71.5,success,84.3,success,84.0,success,62.367733333333334,success,77.9,success,58.9,success,41.8,success,100.0,success,97.7,success,100.0,success,25.5,success,24.04,24.74,12.86,6.36,6.88,
Millburn,suburb,Essex,NJ,New Jersey,40.7257,-74.3032,"Millburn, NJ",69.39,70.96,55.3,64.5,,2,3,3,0.0,fallback,82.9,success,74.9,success,76.8,success,91.3,success,75.33666666666666,success,75.4,success,53.6,success,44.8,success,30.7,success,81.5,success,100.0,success,45.5,success,21.88,21.15,13.97,7.69,6.27,
Mineola,suburb,Nassau,NY,New York,40.7496,-73.6385,"Mineola, NY",65.08,62.5,52.2,32.1,,2,3,3,0.0,fallback,80.1,success,71.5,success,67.0,success,86.3,success,20.752,success,74.0,success,52.1,success,62.2,success,27.5,success,91.2,success,100.0,success,48.3,success,21.27,20.43,13.21,2.12,5.47,
Montclair,suburb,Essex,NJ,New Jersey,40.8251,-74.209,"Montclair, NJ",73.87,70.4,56.3,38.8,,2,3,3,0.0,fallback,97.0,success,74.9,success,74.3,success,98.0,success,36.994883333333334,success,78.5,success,51.0,success,59.8,success,69.4,success,82.1,success,100.0,success,64.4,success,20.82,24.74,15.0,3.77,6.07,
Morningside Heights,neighborhood,Manhattan,NY,New York,40.8076,-73.9626,"Morningside Heights, Manhattan, New York",74.42,65.99,63.9,76.1,,2,3,3,0.0,fallback,91.0,success,71.5,success,87.5,success,82.3,success,72.93373333333332,success,61.9,success,38.2,success,72.8,success,86.3,success,94.5,success,100.0,success,34.1,success,15.59,23.21,12.6,7.44,7.14,
Morris Park,neighborhood,Bronx,NY,New York,40.8479,-73.8617,"Morris Park, Bronx, New York",64.52,42.12,46.3,33.1,,2,3,3,0.0,fallback,20.0,success,69.0,success,76.5,success,64.1,success,55.79520000000001,success,81.1,success,37.4,success,53.0,success,100.0,success,91.2,success,100.0,success,26.2,success,15.27,5.1,9.81,5.69,6.24,
Morristown,suburb,Morris,NJ,New Jersey,40.7968,-74.4774,"Morristown, NJ",65.01,69.51,64.5,33.4,,2,3,3,0.0,fallback,98.0,success,74.9,success,62.5,success,68.0,success,33.39093333333334,success,71.7,success,62.7,success,57.2,success,55.4,success,64.3,success,89.8,success,42.2,success,25.59,25.0,10.41,3.41,5.1,
Mott Haven,neighborhood,Bronx,NY,New York,40.8085,-73.926,"Mott Haven, Bronx, New York",70.42,57.42,45.4,27.0,,2,3,3,0.0,fallback,88.4,success,69.0,success,63.0,success,37.1,success,58.860800000000005,success,84.0,success,44.2,success,75.81022470611751,success,100.0,success,95.3,success,100.0,success,29.4,success,18.04,22.55,5.68,6.01,5.14,
Mount Kisco,suburb,Westchester,NY,New York,41.2043,-73.7274,"Mount Kisco, NY",72.29,70.46,72.6,19.6,,2,3,3,0.0,fallback,75.8,success,74.9,success,62.5,success,89.9,success,92.55986666666666,success,79.3,success,55.9,success,68.7,success,58.8,success,49.0,success,85.1,success,75.0,success,22.82,19.34,13.76,9.44,5.1,
Mount Vernon,suburb,Westchester,NY,New York,40.9126,-73.8371,"Mount Vernon, NY",63.66,60.66,48.3,35.4,,2,3,3,0.0,fallback,48.3,success,71.5,success,64.9,success,88.1,success,23.269333333333332,success,83.8,success,66.6,success,64.8,success,49.8,success,69.6,success,100.0,success,33.3,success,27.18,12.32,13.48,2.37,5.3,
Murray Hill,neighborhood,Manhattan,NY,New York,40.7479,-73.9756,"Murray Hill, Manhattan, New York",68.67,66.48,62.6,64.4,,2,3,3,0.0,fallback,97.0,success,69.0,success,84.3,success,22.0,success,61.78666666666666,success,68.7,success,61.7,success,39.8,success,100.0,success,97.3,success,100.0,success,22.5,success,25.18,24.74,3.37,6.3,6.88,
New Canaan,suburb,Fairfield,CT,Connecticut,41.1468,-73.4949,"New Canaan, CT",58.17,59.71,62.7,63.3,,2,3,3,0.0,fallback,89.0,success,54.6,success,62.5,success,68.0,success,80.25026666666668,success,63.2,success,32.6,success,61.6,success,22.1,success,28.0,success,82.8,success,53.4,success,13.31,22.7,10.41,8.19,5.1,
New Dorp,neighborhood,Staten Island,NY,New York,40.5733,-74.1154,"New Dorp, Staten Island, New York",75.16,71.92,43.5,33.7,,2,3,3,0.0,fallback,94.6,success,79.4,success,62.5,success,98.0,success,72.07786666666667,success,77.8,success,49.8,success,64.73278634490018,success,98.7,success,61.0,success,100.0,success,43.3,success,20.33,24.13,15.0,7.35,5.1,
New Hyde Park,suburb,Nassau,NY,New York,40.734,-73.6857,"New Hyde Park, NY",62.25,49.72,51.2,32.9,,2,3,3,0.0,fallback,50.8,success,74.9,success,72.5,success,65.3,success,18.32746666666667,success,76.6,success,46.5,success,62.8,success,33.3,success,91.7,success,100.0,success,54.3,success,18.98,12.96,9.99,1.87,5.92,
New Rochelle,suburb,Westchester,NY,New York,40.9115,-73.7826,"New Rochelle, NY",56.58,37.85,53.7,40.2,,2,3,3,0.0,fallback,15.0,success,74.9,success,62.5,success,21.1,success,32.1568,success,81.0,success,54.9,success,27.2,success,70.4,success,91.8,success,100.0,success,48.0,success,22.41,3.83,3.23,3.28,5.1,
NoHo,neighborhood,Manhattan,NY,New York,40.7267,-73.9941,"NoHo, Manhattan, New York",74.63,68.13,70.2,78.0,,2,3,3,0.0,fallback,96.0,success,69.0,success,67.0,success,34.7,success,93.97786666666666,success,68.9,success,57.0,success,100.0,success,92.8,success,97.5,success,100.0,success,18.7,success,23.27,24.49,5.31,9.59,5.47,
Nolita,neighborhood,Manhattan,NY,New York,40.7221,-73.9962,"Nolita, Manhattan, New York",70.53,67.78,67.3,75.7,,2,3,3,0.0,fallback,96.0,success,71.5,success,66.8,success,21.6,success,100.0,success,71.4,success,59.6,success,40.2,success,100.0,success,97.3,success,100.0,success,22.0,success,24.33,24.49,3.31,10.2,5.45,
Norwalk,suburb,Fairfield,CT,Connecticut,41.1177,-73.4082,"Norwalk, CT",62.59,59.36,66.4,26.4,,2,3,3,0.0,fallback,68.3,success,46.2,success,62.5,success,62.0,success,25.942399999999996,success,82.0,success,60.5,success,77.4,success,75.0,success,51.2,success,80.0,success,60.0,success,24.69,17.42,9.49,2.65,5.1,
Oceanside,suburb,Nassau,NY,New York,40.6368,-73.6385,"Oceanside, NY",68.55,71.18,62.2,35.5,,2,3,3,0.0,fallback,84.1,success,74.9,success,62.5,success,90.8,success,31.145599999999998,success,65.9,success,67.5,success,49.2,success,66.1,success,60.5,success,100.0,success,70.0,success,27.55,21.45,13.9,3.18,5.1,
Old Greenwich,suburb,Fairfield,CT,Connecticut,41.0254,-73.5632,"Old Greenwich, CT",63.94,52.02,61.2,65.1,,2,3,3,0.0,fallback,34.3,success,46.2,success,62.5,success,80.0,success,90.47400000000002,success,67.0,success,40.9,success,47.6,success,60.1,success,82.4,success,100.0,success,55.8,success,16.69,8.75,12.24,9.23,5.1,
Ossining,suburb,Westchester,NY,New York,41.1629,-73.8618,"Ossining, NY",78.43,73.96,66.8,26.5,,2,3,3,0.0,fallback,84.4,success,74.9,success,62.5,success,100.0,success,82.63446666666667,success,78.6,success,57.8,success,88.2,success,84.4,success,63.0,success,94.7,success,70.0,success,23.59,21.53,15.31,8.43,5.1,
Ozone Park,neighborhood,Queens,NY,New York,40.6776,-73.8497,"Ozone Park, Queens, New York",65.15,56.39,38.1,21.0,,2,3,3,0.0,fallback,64.8,success,71.5,success,70.0,success,62.0,success,49.602133333333335,success,87.3,success,48.0,success,72.82900867276314,success,49.7,success,68.2,success,100.0,success,37.9,success,19.59,16.53,9.49,5.06,5.71,
Park Slope,neighborhood,Brooklyn,NY,New York,40.6726,-73.9772,"Park Slope, Brooklyn, New York",68.19,57.78,41.3,70.8,,2,3,3,0.0,fallback,96.0,success,71.5,success,78.7,success,33.2,success,57.505066666666664,success,69.2,success,39.0,success,77.8,success,74.7,success,94.5,success,100.0,success,26.2,success,15.92,24.49,5.08,5.87,6.42,
Peekskill,suburb,Westchester,NY,New York,41.2948,-73.9196,"Peekskill, NY",62.89,59.35,64.5,20.2,,2,3,3,0.0,fallback,57.8,success,79.4,success,62.5,success,50.0,success,80.94533333333334,success,86.0,success,57.8,success,49.4,success,47.4,success,61.0,success,72.4,success,50.0,success,23.59,14.74,7.65,8.26,5.1,
Pelham Bay,neighborhood,Bronx,NY,New York,40.8527,-73.827,"Pelham Bay, Bronx, New York",68.63,65.03,44.4,25.9,,2,3,3,0.0,fallback,75.5,success,71.5,success,76.7,success,72.2,success,61.68639999999999,success,79.6,success,54.3,success,64.0,success,50.2,success,80.3,success,100.0,success,37.6,success,22.16,19.26,11.05,6.29,6.26,
Pelham Manor,suburb,Westchester,NY,New York,40.8979,-73.8063,"Pelham Manor, NY",70.2,55.1,57.2,67.7,,2,3,3,0.0,fallback,44.2,success,79.4,success,74.2,success,86.2,success,58.39089600000001,success,65.4,success,45.6,success,46.0,success,87.8,success,81.9,success,100.0,success,73.3,success,18.61,11.28,13.19,5.96,6.06,
Pelham,suburb,Westchester,NY,New York,40.9098,-73.8077,"Pelham, NY",76.24,69.94,59.5,43.6,,2,3,3,0.0,fallback,97.0,success,74.9,success,78.7,success,87.5,success,35.927760666666664,success,76.5,success,53.2,success,66.8,success,88.7,success,91.9,success,100.0,success,63.8,success,21.71,24.74,13.39,3.67,6.42,
Pleasantville,suburb,Westchester,NY,New York,41.1337,-73.7879,"Pleasantville, NY",69.94,75.61,74.5,42.8,,2,3,3,0.0,fallback,79.0,success,74.9,success,62.5,success,93.3,success,79.50026666666668,success,67.2,success,68.5,success,73.2,success,18.0,success,64.1,success,100.0,success,59.1,success,27.96,20.15,14.28,8.11,5.1,
Port Chester,suburb,Westchester,NY,New York,40.9887,-73.6668,"Port Chester, NY",58.73,53.52,53.3,18.4,,2,3,3,0.0,fallback,61.5,success,71.5,success,62.5,success,56.7,success,35.731199999999994,success,79.2,success,50.0,success,52.4,success,28.7,success,79.8,success,100.0,success,26.7,success,20.41,15.69,8.68,3.65,5.1,
Port Washington,suburb,Nassau,NY,New York,40.8257,-73.6985,"Port Washington, NY",60.5,40.77,58.5,46.5,,2,3,3,0.0,fallback,15.0,success,79.4,success,62.5,success,38.2,success,72.38045266666666,success,77.5,success,45.6,success,70.6,success,85.3,success,32.0,success,100.0,success,47.5,success,18.61,3.83,5.85,7.39,5.1,
Prospect Heights,neighborhood,Brooklyn,NY,New York,40.6773,-73.9679,"Prospect Heights, Brooklyn, New York",72.82,70.05,48.6,47.9,,2,3,3,0.0,fallback,96.0,success,71.5,success,87.5,success,59.5,success,44.41386666666667,success,71.1,success,60.7,success,40.2,success,94.3,success,94.6,success,100.0,success,54.0,success,24.78,24.49,9.11,4.53,7.14,
Red Hook,neighborhood,Brooklyn,NY,New York,40.675,-74.0089,"Red Hook, Brooklyn, New York",74.59,72.38,66.2,56.3,,2,3,3,0.0,fallback,92.0,success,74.9,success,62.5,success,62.5,success,100.0,success,74.1,success,58.9,success,39.2,success,69.8,success,96.2,success,100.0,success,65.0,success,24.04,23.47,9.57,10.2,5.1,
Rego Park,neighborhood,Queens,NY,New York,40.7259,-73.8619,"Rego Park, Queens, New York",65.11,47.83,45.9,41.3,,2,3,3,0.0,fallback,25.0,success,69.0,success,87.5,success,42.9,success,49.10293333333333,success,79.1,success,55.7,success,83.36424111765712,success,63.6,success,90.1,success,100.0,success,36.0,success,22.73,6.38,6.57,5.01,7.14,
Richmond Hill,neighborhood,Queens,NY,New York,40.6996,-73.8306,"Richmond Hill, Queens, New York",77.24,70.52,45.2,28.9,,2,3,3,0.0,fallback,79.3,success,71.5,success,77.3,success,91.3,success,49.2416,success,88.1,success,61.2,success,88.82900867276314,success,91.3,success,91.9,success,100.0,success,36.9,success,24.98,20.23,13.97,5.02,6.31,
Ridgewood,suburb,Bergen,NJ,New Jersey,40.9793,-74.116,"Ridgewood, NJ",44.08,42.97,34.5,28.7,,2,3,3,0.0,fallback,100.0,success,0.0,fallback,0.0,fallback,80.0,success,51.074510666666654,success,0.0,fallback,0.0,fallback,27.2,success,88.2,success,82.5,success,100.0,success,0.0,fallback,0.0,25.51,12.24,5.21,0.0,
Ridgewood,neighborhood,Queens,NY,New York,40.7051,-73.9058,"Ridgewood, Queens, New York",65.22,60.71,42.0,32.3,,2,3,3,0.0,fallback,90.0,success,69.0,success,87.3,success,1.9,success,47.2768,success,78.5,success,62.5,success,41.7,success,100.0,success,73.9,success,100.0,success,30.6,success,25.51,22.96,0.29,4.82,7.13,
Riverdale,neighborhood,Bronx,NY,New York,40.8903,-73.912,"Riverdale, Bronx, New York",71.49,64.83,55.6,48.4,,2,3,3,0.0,fallback,64.0,success,69.0,success,84.5,success,50.0,success,98.72946666666665,success,79.0,success,58.5,success,59.0,success,67.3,success,80.7,success,100.0,success,47.2,success,23.88,16.33,7.65,10.07,6.9,
Riverside,suburb,Fairfield,CT,Connecticut,41.0357,-73.5807,"Riverside, CT",65.27,52.53,56.0,73.2,,2,3,3,0.0,fallback,30.6,success,46.2,success,70.8,success,90.8,success,83.41373333333334,success,59.0,success,40.5,success,63.8,success,65.5,success,81.8,success,100.0,success,50.8,success,16.53,7.81,13.9,8.51,5.78,
Rockaway Beach,neighborhood,Queens,NY,New York,40.587,-73.8154,"Rockaway Beach, Queens, New York",62.21,45.34,44.4,14.4,,2,3,3,0.0,fallback,20.0,success,69.0,success,66.3,success,45.9,success,100.0,success,82.1,success,43.1,success,47.4,success,41.8,success,76.9,success,100.0,success,54.0,success,17.59,5.1,7.03,10.2,5.41,
Rockville Centre,suburb,Nassau,NY,New York,40.659,-73.6385,"Rockville Centre, NY",60.4,47.28,53.8,34.8,,2,3,3,0.0,fallback,15.0,success,79.4,success,68.8,success,60.8,success,20.420266666666663,success,72.5,success,64.8,success,27.2,success,89.6,success,82.2,success,100.0,success,44.1,success,26.45,3.83,9.31,2.08,5.62,
Roslyn,suburb,Nassau,NY,New York,40.7993,-73.6496,"Roslyn, NY",66.3,58.49,67.0,63.4,,2,3,3,0.0,fallback,15.0,success,79.4,success,83.7,success,60.8,success,84.314,success,71.0,success,73.3,success,39.2,success,84.2,success,63.3,success,100.0,success,41.4,success,29.92,3.83,9.31,8.6,6.83,
Rye,suburb,Westchester,NY,New York,40.9807,-73.6874,"Rye, NY",61.62,50.73,56.1,65.9,,2,3,3,0.0,fallback,54.5,success,79.4,success,63.0,success,29.6,success,80.89133333333334,success,69.1,success,46.3,success,36.6,success,63.6,success,82.1,success,100.0,success,34.4,success,18.9,13.9,4.53,8.25,5.14,
Scarsdale,suburb,Westchester,NY,New York,40.989,-73.7846,"Scarsdale, NY",66.85,60.9,57.5,77.8,,2,3,3,0.0,fallback,82.7,success,74.9,success,78.0,success,50.0,success,66.64266666666666,success,65.8,success,46.5,success,90.7,success,27.7,success,62.8,success,100.0,success,56.5,success,18.98,21.1,7.65,6.8,6.37,
Sheepshead Bay,neighborhood,Brooklyn,NY,New York,40.5921,-73.9449,"Sheepshead Bay, Brooklyn, New York",62.66,56.6,39.7,41.4,,2,3,3,0.0,fallback,75.0,success,71.5,success,62.5,success,22.5,success,53.81653333333333,success,78.4,success,57.4,success,46.193469340287365,success,89.0,success,65.1,success,100.0,success,30.5,success,23.43,19.13,3.44,5.49,5.1,
Short Hills,suburb,Essex,NJ,New Jersey,40.7243,-74.326,"Short Hills, NJ",68.44,60.16,65.0,83.8,,2,3,3,0.0,fallback,15.0,success,79.4,success,87.5,success,59.9,success,79.06346666666667,success,57.2,success,78.3,success,50.2,success,79.4,success,78.7,success,100.0,success,56.6,success,31.96,3.83,9.17,8.07,7.14,
Sleepy Hollow,suburb,Westchester,NY,New York,41.089,-73.8618,"Sleepy Hollow, NY",70.67,70.37,71.3,12.7,,2,3,3,0.0,fallback,55.3,success,71.5,success,62.5,success,98.0,success,100.0,success,86.2,success,63.6,success,50.2,success,45.9,success,60.8,success,100.0,success,54.0,success,25.96,14.11,15.0,10.2,5.1,
SoHo,neighborhood,Manhattan,NY,New York,40.7233,-74.003,"SoHo, Manhattan, New York",71.72,70.15,64.0,73.6,,2,3,3,0.0,fallback,96.0,success,71.5,success,64.0,success,57.0,success,100.0,success,72.2,success,52.7,success,64.0,success,60.8,success,96.8,success,100.0,success,25.7,success,21.51,24.49,8.72,10.2,5.22,
South Orange,suburb,Essex,NJ,New Jersey,40.751,-74.2596,"South Orange, NJ",75.76,69.31,60.1,69.3,,2,3,3,0.0,fallback,75.4,success,74.9,success,87.5,success,98.0,success,74.10173333333334,success,67.8,success,49.9,success,73.4,success,46.6,success,81.5,success,100.0,success,80.0,success,20.37,19.23,15.0,7.56,7.14,
Southport,suburb,Fairfield,CT,Connecticut,41.1196,-73.2907,"Southport, CT",58.65,60.67,59.7,56.9,,2,3,3,0.0,fallback,62.2,success,54.6,success,62.5,success,77.0,success,62.344757333333334,success,61.7,success,52.8,success,27.7,success,47.0,success,63.2,success,68.9,success,63.9,success,21.55,15.87,11.79,6.36,5.1,
St. George,neighborhood,Staten Island,NY,New York,40.6438,-74.074,"St. George, Staten Island, New York",60.61,41.47,38.3,37.2,,2,3,3,0.0,fallback,20.0,success,69.0,success,87.5,success,23.2,success,100.0,success,79.4,success,37.9,success,24.2,success,100.0,success,60.8,success,100.0,success,25.3,success,15.47,5.1,3.55,10.2,7.14,
Stamford,suburb,Fairfield,CT,Connecticut,41.0534,-73.5387,"Stamford, CT",58.12,54.05,44.6,36.9,,2,3,3,0.0,fallback,97.0,success,59.8,success,62.5,success,62.0,success,23.006933333333333,success,80.0,success,30.3,success,64.0,success,22.4,success,71.0,success,100.0,success,25.4,success,12.37,24.74,9.49,2.35,5.1,
Stapleton,neighborhood,Staten Island,NY,New York,40.6282,-74.0744,"Stapleton, Staten Island, New York",70.59,67.21,44.1,38.9,,2,3,3,0.0,fallback,90.1,success,71.5,success,62.5,success,70.0,success,100.0,success,88.5,success,44.6,success,59.4,success,50.2,success,77.6,success,100.0,success,32.7,success,18.2,22.98,10.71,10.2,5.1,
Summit,suburb,Union,NJ,New Jersey,40.7157,-74.3571,"Summit, NJ",69.48,75.85,65.3,50.6,,2,3,3,0.0,fallback,93.0,success,74.9,success,68.3,success,71.5,success,72.49426666666666,success,71.7,success,69.1,success,25.8,success,55.0,success,79.5,success,100.0,success,52.5,success,28.2,23.72,10.94,7.4,5.58,
Sunnyside,neighborhood,Queens,NY,New York,40.744,-73.9196,"Sunnyside, Queens, New York",69.78,59.54,60.8,16.1,,2,3,3,0.0,fallback,71.8,success,74.9,success,62.7,success,42.6,success,59.96693333333332,success,49.1,success,57.5,success,70.4,success,85.4,success,98.0,success,100.0,success,65.0,success,23.47,18.32,6.52,6.12,5.12,
Sunset Park,neighborhood,Brooklyn,NY,New York,40.6459,-74.0037,"Sunset Park, Brooklyn, New York",70.98,69.12,45.4,23.8,,2,3,3,0.0,fallback,92.6,success,71.5,success,72.3,success,31.4,success,60.976,success,80.4,success,70.0,success,79.33500619483081,success,76.1,success,87.2,success,100.0,success,29.9,success,28.57,23.62,4.81,6.22,5.9,
Tarrytown,suburb,Westchester,NY,New York,41.0762,-73.8582,"Tarrytown, NY",69.59,70.87,68.5,35.2,,2,3,3,0.0,fallback,65.8,success,74.9,success,62.5,success,100.0,success,94.8394,success,77.3,success,58.8,success,62.4,success,27.1,success,63.6,success,100.0,success,47.8,success,24.0,16.79,15.31,9.68,5.1,
Tenafly,suburb,Bergen,NJ,New Jersey,40.9226,-73.9596,"Tenafly, NJ",74.57,79.75,67.2,71.4,,2,3,3,0.0,fallback,88.6,success,74.9,success,77.3,success,86.3,success,71.19093333333335,success,64.2,success,74.4,success,48.6,success,95.5,success,52.0,success,100.0,success,61.9,success,30.37,22.6,13.21,7.26,6.31,
Tottenville,neighborhood,Staten Island,NY,New York,40.5121,-74.2513,"Tottenville, Staten Island, New York",67.96,67.19,65.1,27.9,,2,3,3,0.0,fallback,65.0,success,74.9,success,62.5,success,60.8,success,100.0,success,68.5,success,63.7,success,27.0,success,68.5,success,70.0,success,100.0,success,54.6,success,26.0,16.58,9.31,10.2,5.1,
Tremont,neighborhood,Bronx,NY,New York,40.845,-73.9026,"Tremont, Bronx, New York",64.96,44.74,41.1,32.0,,2,3,3,0.0,fallback,20.0,success,69.0,success,73.2,success,40.9,success,42.190933333333334,success,84.3,success,56.6,success,88.0,success,76.0,success,94.3,success,100.0,success,35.0,success,23.1,5.1,6.26,4.31,5.98,
Tribeca,neighborhood,Manhattan,NY,New York,40.7163,-74.0086,"Tribeca, Manhattan, New York",72.37,73.41,64.0,92.4,,2,3,3,0.0,fallback,91.0,success,71.5,success,75.7,success,88.4,success,100.0,success,58.1,success,49.7,success,58.8,success,52.6,success,97.0,success,100.0,success,25.7,success,20.29,23.21,13.53,10.2,6.18,
Tuckahoe,suburb,Westchester,NY,New York,40.9504,-73.826,"Tuckahoe, NY",51.18,57.4,69.6,42.6,,2,3,3,0.0,fallback,8.3,success,55.8,success,76.1,success,70.0,success,95.88946666666666,success,74.0,success,70.0,success,66.0,success,29.4,success,0.0,success,24.9,success,43.8,success,28.57,2.12,10.71,9.78,6.21,
Turtle Bay,neighborhood,Manhattan,NY,New York,40.7531,-73.9684,"Turtle Bay, Manhattan, New York",69.71,61.22,60.2,57.9,,2,3,3,0.0,fallback,91.0,success,71.5,success,81.0,success,21.7,success,59.48693333333333,success,64.2,success,53.9,success,81.8,success,85.8,success,96.9,success,100.0,success,29.2,success,22.0,23.21,3.32,6.07,6.61,
Upper East Side,neighborhood,Manhattan,NY,New York,40.7736,-73.9566,"Upper East Side, Manhattan, New York",69.51,62.85,59.4,62.4,,2,3,3,0.0,fallback,96.0,success,71.5,success,64.4,success,20.8,success,59.971199999999996,success,68.7,success,58.3,success,73.36459436164665,success,94.8,success,96.6,success,100.0,success,29.7,success,23.8,24.49,3.18,6.12,5.26,
Upper West Side,neighborhood,Manhattan,NY,New York,40.787,-73.9754,"Upper West Side, Manhattan, New York",68.63,61.37,54.5,61.9,,2,3,3,0.0,fallback,96.0,success,71.5,success,69.8,success,9.9,success,55.5168,success,65.8,success,58.8,success,65.8,success,100.0,success,96.0,success,100.0,success,34.5,success,24.0,24.49,1.52,5.66,5.7,
Valley Stream,suburb,Nassau,NY,New York,40.6643,-73.7085,"Valley Stream, NY",67.55,67.08,41.0,46.0,,2,3,3,0.0,fallback,88.6,success,71.5,success,80.3,success,70.9,success,20.076800000000002,success,81.6,success,61.3,success,74.2,success,27.9,success,89.2,success,100.0,success,45.0,success,25.02,22.6,10.85,2.05,6.56,
Washington Heights,neighborhood,Manhattan,NY,New York,40.8417,-73.9395,"Washington Heights, Manhattan, New York",77.17,71.75,56.2,8.8,,2,3,3,0.0,fallback,85.6,success,71.5,success,86.6,success,89.0,success,71.52853333333334,success,86.0,success,53.7,success,64.0,success,72.6,success,91.5,success,100.0,success,54.0,success,21.92,21.84,13.62,7.3,7.07,
Weehawken,suburb,Hudson,NJ,New Jersey,40.7685,-74.0207,"Weehawken, NJ",64.34,49.07,46.8,55.7,,2,3,3,0.0,fallback,73.5,success,74.9,success,80.7,success,22.9,success,39.798133333333325,success,62.7,success,39.6,success,62.6,success,90.9,success,96.0,success,100.0,success,28.5,success,16.16,18.75,3.51,4.06,6.59,
West Orange,suburb,Essex,NJ,New Jersey,40.7918,-74.2635,"West Orange, NJ",68.42,58.79,64.8,42.1,,2,3,3,0.0,fallback,30.7,success,79.4,success,87.5,success,96.7,success,78.36746666666667,success,80.3,success,51.5,success,46.900000000000006,success,69.7,success,35.0,success,100.0,success,65.0,success,21.02,7.83,14.8,8.0,7.14,
West Village,neighborhood,Manhattan,NY,New York,40.7335,-74.0027,"West Village, Manhattan, New York",71.13,63.92,59.6,63.7,,2,3,3,0.0,fallback,96.0,success,71.5,success,75.7,success,21.7,success,69.3304,success,61.2,success,56.0,success,84.0,success,100.0,success,96.7,success,100.0,success,21.4,success,22.86,24.49,3.32,7.07,6.18,
Westfield,suburb,Union,NJ,New Jersey,40.659,-74.3474,"Westfield, NJ",65.95,72.26,59.0,52.6,,2,3,3,0.0,fallback,100.0,success,74.9,success,69.7,success,68.0,success,29.2,success,72.4,success,67.8,success,39.0,success,57.1,success,60.5,success,100.0,success,52.8,success,27.67,25.51,10.41,2.98,5.69,
Weston,suburb,Fairfield,CT,Connecticut,41.2007,-73.3793,"Weston, CT",55.83,59.01,66.5,60.3,,2,3,3,0.0,fallback,41.1,success,54.6,success,75.8,success,63.8,success,90.35946666666666,success,68.0,success,57.2,success,25.4,success,50.4,success,0.0,success,68.3,success,75.0,success,23.35,10.48,9.77,9.22,6.19,
Westport,suburb,Fairfield,CT,Connecticut,41.1415,-73.3579,"Westport, CT",56.28,41.29,57.6,69.1,,2,3,3,0.0,fallback,18.0,success,54.6,success,62.9,success,77.0,success,61.389333333333326,success,69.2,success,33.1,success,42.0,success,59.0,success,60.8,success,73.4,success,64.0,success,13.51,4.59,11.79,6.26,5.13,
Westwood,suburb,Bergen,NJ,New Jersey,40.9882,-74.0307,"Westwood, NJ",51.0,57.89,66.7,14.8,,2,3,3,0.0,fallback,47.4,success,55.8,success,62.5,success,62.0,success,29.057066666666664,success,71.7,success,69.2,success,37.4,success,24.5,success,32.6,success,44.8,success,75.0,success,28.24,12.09,9.49,2.97,5.1,
White Plains,suburb,Westchester,NY,New York,41.034,-73.7629,"White Plains, NY",58.54,53.46,50.8,48.2,,2,3,3,0.0,fallback,86.7,success,71.5,success,62.5,success,29.5,success,28.144,success,84.2,success,46.2,success,71.8,success,26.5,success,63.9,success,100.0,success,31.5,success,18.86,22.12,4.52,2.87,5.1,
Williamsburg,neighborhood,Brooklyn,NY,New York,40.7081,-73.9571,"Williamsburg, Brooklyn, New York",71.42,71.46,48.6,61.0,,2,3,3,0.0,fallback,96.0,success,71.5,success,78.1,success,95.5,success,60.9952,success,53.6,success,48.4,success,40.2,success,100.0,success,86.3,success,100.0,success,26.5,success,19.76,24.49,14.62,6.22,6.38,
Wilton,suburb,Fairfield,CT,Connecticut,41.1954,-73.4382,"Wilton, CT",65.79,63.34,74.2,54.9,,2,3,3,0.0,fallback,46.9,success,54.6,success,86.3,success,59.2,success,100.0,success,67.3,success,61.4,success,55.0,success,48.5,success,73.4,success,72.6,success,64.3,success,25.06,11.96,9.06,10.2,7.04,
Windsor Terrace,neighborhood,Brooklyn,NY,New York,40.6568,-73.9807,"Windsor Terrace, Brooklyn, New York",71.84,68.86,40.8,44.1,,2,3,3,0.0,fallback,94.4,success,71.5,success,86.5,success,67.5,success,53.16693333333333,success,77.5,success,53.8,success,46.82542144241806,success,92.8,success,87.9,success,100.0,success,30.2,success,21.96,24.08,10.33,5.43,7.06,
Woodmere,suburb,Nassau,NY,New York,40.6318,-73.7135,"Woodmere, NY",67.52,57.04,56.0,47.0,,2,3,3,0.0,fallback,26.1,success,74.9,success,74.7,success,90.8,success,22.137600000000003,success,62.3,success,68.9,success,75.4,success,88.0,success,62.5,success,100.0,success,64.5,success,28.12,6.66,13.9,2.26,6.1,
Woodside,neighborhood,Queens,NY,New York,40.7452,-73.9027,"Woodside, Queens, New York",72.14,71.14,51.3,24.6,,2,3,3,0.0,fallback,92.6,success,71.5,success,85.3,success,58.6,success,40.29653333333333,success,80.0,success,67.3,success,46.35351827510939,success,100.0,success,92.4,success,100.0,success,31.3,success,27.47,23.62,8.97,4.11,6.96,
Yonkers,suburb,Westchester,NY,New York,40.9312,-73.8988,"Yonkers, NY",72.72,64.42,57.0,5.8,,2,3,3,0.0,fallback,64.2,success,71.5,success,62.5,success,96.0,success,49.25306666666667,success,86.8,success,56.9,success,63.4,success,72.0,success,96.1,success,100.0,success,54.0,success,23.22,16.38,14.69,5.03,5.1,
Yorktown Heights,suburb,Westchester,NY,New York,41.2726,-73.7874,"Yorktown Heights, NY",70.99,79.28,73.7,39.9,,2,3,3,0.0,fallback,77.4,success,55.8,success,62.5,success,83.0,success,88.1836,success,76.2,success,80.2,success,50.2,success,82.5,success,60.6,success,75.3,success,60.0,success,32.73,19.74,12.7,9.0,5.1,
Yorkville,neighborhood,Manhattan,NY,New York,40.7762,-73.9459,"Yorkville, Manhattan, New York",70.64,66.3,46.5,64.0,,2,3,3,0.0,fallback,91.0,success,71.5,success,66.5,success,64.3,success,61.022933333333334,success,71.1,success,52.9,success,51.6,success,100.0,success,95.3,success,100.0,success,22.4,success,21.59,23.21,9.84,6.23,5.43,
